month,region,crop,farmers_reached,demo_attendance,soil_tests,whatsapp_optins,sample_conversion_pct
2024-05-01,North,Wheat,863,130,62,350,9.7
2024-05-01,North,Paddy,906,139,62,336,10.3
2024-05-01,North,Sugarcane,837,104,74,338,10.1
2024-05-01,North,Cotton,819,130,62,336,9.7
2024-05-01,North,Mustard,871,126,77,336,9.5
2024-05-01,North,Maize,862,108,81,281,10.9
2024-05-01,East,Wheat,766,142,83,306,12.9
2024-05-01,East,Paddy,864,136,65,283,11.6
2024-05-01,East,Sugarcane,907,134,81,347,11.1
2024-05-01,East,Cotton,872,144,69,355,11.6
2024-05-01,East,Mustard,910,143,65,296,12.3
2024-05-01,East,Maize,880,122,81,318,12.9
2024-05-01,West,Wheat,1188,158,98,408,12.5
2024-05-01,West,Paddy,1082,167,102,454,11.7
2024-05-01,West,Sugarcane,1325,162,104,404,12.9
2024-05-01,West,Cotton,1126,160,113,486,11.6
2024-05-01,West,Mustard,1253,186,106,469,13
2024-05-01,West,Maize,1052,184,118,463,12.5
2024-05-01,South,Wheat,1115,178,82,484,12.6
2024-05-01,South,Paddy,1123,146,111,373,12.9
2024-05-01,South,Sugarcane,1011,169,98,393,11.2
2024-05-01,South,Cotton,1149,144,95,487,11.5
2024-05-01,South,Mustard,1233,178,99,468,11.2
2024-05-01,South,Maize,1132,161,86,394,11.9
2024-05-01,Central,Wheat,1032,169,90,410,12.7
2024-05-01,Central,Paddy,1169,154,86,439,11.9
2024-05-01,Central,Sugarcane,1138,178,99,351,13.1
2024-05-01,Central,Cotton,969,165,100,363,11.1
2024-05-01,Central,Mustard,954,171,95,355,12.5
2024-05-01,Central,Maize,939,171,101,438,12.5
2024-06-01,North,Wheat,1271,154,72,283,10.4
2024-06-01,North,Paddy,1259,184,68,347,10.8
2024-06-01,North,Sugarcane,1099,158,76,352,10.5
2024-06-01,North,Cotton,1172,196,61,285,10.1
2024-06-01,North,Mustard,1038,166,61,325,10.8
2024-06-01,North,Maize,1154,169,77,328,9
2024-06-01,East,Wheat,1151,164,80,304,12.2
2024-06-01,East,Paddy,1167,202,78,326,11.9
2024-06-01,East,Sugarcane,1210,185,69,287,11.3
2024-06-01,East,Cotton,1256,165,78,332,12.8
2024-06-01,East,Mustard,1097,196,84,322,11.7
2024-06-01,East,Maize,1198,159,64,300,12.3
2024-06-01,West,Wheat,1828,277,106,423,12.1
2024-06-01,West,Paddy,1809,243,91,441,12.6
2024-06-01,West,Sugarcane,1748,281,93,403,11.5
2024-06-01,West,Cotton,1752,242,90,455,12.4
2024-06-01,West,Mustard,1635,220,96,504,13.1
2024-06-01,West,Maize,1771,216,102,470,12.7
2024-06-01,South,Wheat,1627,264,96,453,12
2024-06-01,South,Paddy,1428,215,101,445,11.6
2024-06-01,South,Sugarcane,1626,254,97,427,12.1
2024-06-01,South,Cotton,1727,231,102,393,12.5
2024-06-01,South,Mustard,1713,267,92,426,12.3
2024-06-01,South,Maize,1466,268,99,395,11.5
2024-06-01,Central,Wheat,1352,236,102,353,11.4
2024-06-01,Central,Paddy,1544,229,93,365,12.3
2024-06-01,Central,Sugarcane,1474,243,76,385,11.5
2024-06-01,Central,Cotton,1480,222,78,353,13
2024-06-01,Central,Mustard,1453,245,103,452,13.1
2024-06-01,Central,Maize,1492,200,100,370,12.4
2024-07-01,North,Wheat,1226,182,76,303,9
2024-07-01,North,Paddy,1252,182,67,283,10.1
2024-07-01,North,Sugarcane,1182,169,71,292,9.9
2024-07-01,North,Cotton,1216,195,81,294,8.9
2024-07-01,North,Mustard,1256,154,59,354,10.4
2024-07-01,North,Maize,1265,157,70,333,9.3
2024-07-01,East,Wheat,1117,199,66,332,11
2024-07-01,East,Paddy,1315,197,73,361,11.7
2024-07-01,East,Sugarcane,1250,196,76,344,11.5
2024-07-01,East,Cotton,1303,172,77,321,11
2024-07-01,East,Mustard,1371,160,63,292,11.8
2024-07-01,East,Maize,1084,156,76,317,12.7
2024-07-01,West,Wheat,1786,276,100,506,11.3
2024-07-01,West,Paddy,1665,225,90,491,12.3
2024-07-01,West,Sugarcane,1862,248,104,413,11.4
2024-07-01,West,Cotton,1845,250,111,438,12.3
2024-07-01,West,Mustard,1643,231,102,503,11.8
2024-07-01,West,Maize,1751,283,101,501,12.5
2024-07-01,South,Wheat,1567,246,112,470,12.7
2024-07-01,South,Paddy,1447,273,100,424,11.4
2024-07-01,South,Sugarcane,1451,266,83,431,11.6
2024-07-01,South,Cotton,1486,252,90,461,12.2
2024-07-01,South,Mustard,1596,265,90,382,13
2024-07-01,South,Maize,1708,245,97,420,12.2
2024-07-01,Central,Wheat,1674,244,87,447,11.1
2024-07-01,Central,Paddy,1608,216,86,437,11.2
2024-07-01,Central,Sugarcane,1347,191,90,428,12.9
2024-07-01,Central,Cotton,1566,203,83,431,11.5
2024-07-01,Central,Mustard,1343,233,99,451,11.8
2024-07-01,Central,Maize,1599,198,104,384,12.1
2024-08-01,North,Wheat,1019,135,60,271,9.2
2024-08-01,North,Paddy,1056,128,78,301,9.1
2024-08-01,North,Sugarcane,1038,162,64,285,9.1
2024-08-01,North,Cotton,1079,128,79,274,9.4
2024-08-01,North,Mustard,1045,161,60,295,10.1
2024-08-01,North,Maize,1008,167,65,272,10.3
2024-08-01,East,Wheat,1053,154,78,365,11.5
2024-08-01,East,Paddy,1034,131,84,345,12.4
2024-08-01,East,Sugarcane,1002,173,71,326,13
2024-08-01,East,Cotton,1045,139,80,339,12.7
2024-08-01,East,Mustard,1149,151,66,301,13
2024-08-01,East,Maize,937,160,72,284,11.6
2024-08-01,West,Wheat,1424,190,88,441,12.8
2024-08-01,West,Paddy,1532,191,107,442,11.3
2024-08-01,West,Sugarcane,1313,206,109,430,12.1
2024-08-01,West,Cotton,1362,202,95,487,11.1
2024-08-01,West,Mustard,1486,212,93,398,11.4
2024-08-01,West,Maize,1330,211,93,445,12.1
2024-08-01,South,Wheat,1292,193,89,385,13
2024-08-01,South,Paddy,1218,209,100,445,11.7
2024-08-01,South,Sugarcane,1392,178,91,467,12.2
2024-08-01,South,Cotton,1228,209,96,426,11.3
2024-08-01,South,Mustard,1290,198,97,485,12.5
2024-08-01,South,Maize,1476,195,103,387,11.8
2024-08-01,Central,Wheat,1170,207,87,430,11
2024-08-01,Central,Paddy,1312,169,84,423,12.6
2024-08-01,Central,Sugarcane,1347,191,103,372,12
2024-08-01,Central,Cotton,1116,199,78,452,12.9
2024-08-01,Central,Mustard,1184,169,103,398,12.4
2024-08-01,Central,Maize,1299,183,92,430,11.7
2024-09-01,North,Wheat,1048,157,76,330,10.6
2024-09-01,North,Paddy,1010,149,65,352,8.8
2024-09-01,North,Sugarcane,871,139,60,322,10
2024-09-01,North,Cotton,874,155,76,328,9.5
2024-09-01,North,Mustard,1046,133,72,336,9.4
2024-09-01,North,Maize,1084,163,72,339,9.9
2024-09-01,East,Wheat,1132,164,82,294,12.7
2024-09-01,East,Paddy,1021,174,75,331,12.7
2024-09-01,East,Sugarcane,1059,140,76,289,11.7
2024-09-01,East,Cotton,934,171,79,335,11.5
2024-09-01,East,Mustard,1092,133,82,365,11.8
2024-09-01,East,Maize,1129,166,69,302,12.3
2024-09-01,West,Wheat,1478,189,103,447,12.3
2024-09-01,West,Paddy,1504,215,101,493,11.6
2024-09-01,West,Sugarcane,1441,218,94,481,12.6
2024-09-01,West,Cotton,1359,225,110,494,12.1
2024-09-01,West,Mustard,1333,198,106,458,11.1
2024-09-01,West,Maize,1331,212,104,397,11.9
2024-09-01,South,Wheat,1449,183,109,383,11.3
2024-09-01,South,Paddy,1486,209,89,388,12.1
2024-09-01,South,Sugarcane,1351,176,84,412,11.8
2024-09-01,South,Cotton,1403,174,111,460,12.5
2024-09-01,South,Mustard,1455,202,91,384,11.2
2024-09-01,South,Maize,1300,176,83,454,12.1
2024-09-01,Central,Wheat,1362,212,99,380,13
2024-09-01,Central,Paddy,1229,193,80,367,13.1
2024-09-01,Central,Sugarcane,1180,175,91,351,12.4
2024-09-01,Central,Cotton,1126,186,96,357,12.5
2024-09-01,Central,Mustard,1167,176,88,415,11.3
2024-09-01,Central,Maize,1265,185,100,373,11.2
2024-10-01,North,Wheat,1231,186,75,322,10.9
2024-10-01,North,Paddy,1238,177,64,284,10
2024-10-01,North,Sugarcane,1081,186,64,333,10.4
2024-10-01,North,Cotton,1059,189,63,274,9
2024-10-01,North,Mustard,1291,188,62,287,9.1
2024-10-01,North,Maize,1263,182,75,331,10.8
2024-10-01,East,Wheat,1368,207,67,344,12.5
2024-10-01,East,Paddy,1136,208,79,356,11.2
2024-10-01,East,Sugarcane,1254,162,84,361,11.5
2024-10-01,East,Cotton,1371,182,82,365,12.1
2024-10-01,East,Mustard,1303,193,75,297,11.1
2024-10-01,East,Maize,1166,186,80,308,12.3
2024-10-01,West,Wheat,1745,250,92,498,12.8
2024-10-01,West,Paddy,1520,256,97,497,11.6
2024-10-01,West,Sugarcane,1501,274,118,490,12
2024-10-01,West,Cotton,1548,225,88,401,12.3
2024-10-01,West,Mustard,1638,244,92,462,11.6
2024-10-01,West,Maize,1623,272,107,510,11.2
2024-10-01,South,Wheat,1432,240,98,432,13.1
2024-10-01,South,Paddy,1766,220,84,420,12.9
2024-10-01,South,Sugarcane,1725,207,110,424,11.1
2024-10-01,South,Cotton,1598,231,109,428,12
2024-10-01,South,Mustard,1662,252,95,421,11.5
2024-10-01,South,Maize,1723,254,96,422,12.7
2024-10-01,Central,Wheat,1656,213,90,373,12.4
2024-10-01,Central,Paddy,1371,190,96,442,11.6
2024-10-01,Central,Sugarcane,1402,230,76,371,12
2024-10-01,Central,Cotton,1399,251,96,431,13
2024-10-01,Central,Mustard,1480,229,102,445,11.9
2024-10-01,Central,Maize,1520,234,82,402,11.9
2024-11-01,North,Wheat,1139,163,69,271,10.6
2024-11-01,North,Paddy,1084,186,74,346,10.9
2024-11-01,North,Sugarcane,1130,180,63,298,9.2
2024-11-01,North,Cotton,1257,152,75,282,9.4
2024-11-01,North,Mustard,1155,180,81,281,10.6
2024-11-01,North,Maize,1037,174,64,314,8.9
2024-11-01,East,Wheat,1281,189,73,302,11.3
2024-11-01,East,Paddy,1195,203,67,324,12.2
2024-11-01,East,Sugarcane,1106,207,63,329,12
2024-11-01,East,Cotton,1337,161,67,323,12.7
2024-11-01,East,Mustard,1294,190,76,370,12.5
2024-11-01,East,Maize,1325,203,73,282,11.4
2024-11-01,West,Wheat,1796,242,93,423,12.5
2024-11-01,West,Paddy,1789,286,105,390,12.4
2024-11-01,West,Sugarcane,1888,245,110,496,11.8
2024-11-01,West,Cotton,1758,245,117,482,12.5
2024-11-01,West,Mustard,1730,253,87,416,11.4
2024-11-01,West,Maize,1601,215,101,457,12
2024-11-01,South,Wheat,1794,252,94,400,12.2
2024-11-01,South,Paddy,1441,245,90,418,12.7
2024-11-01,South,Sugarcane,1443,236,88,482,11
2024-11-01,South,Cotton,1607,257,86,421,12.1
2024-11-01,South,Mustard,1532,208,106,410,11.1
2024-11-01,South,Maize,1534,249,95,482,11.5
2024-11-01,Central,Wheat,1321,190,87,375,12.4
2024-11-01,Central,Paddy,1591,201,85,440,12.4
2024-11-01,Central,Sugarcane,1409,250,91,350,12.7
2024-11-01,Central,Cotton,1673,238,87,393,12.1
2024-11-01,Central,Mustard,1651,217,78,428,12.6
2024-11-01,Central,Maize,1599,199,104,345,12.9
2024-12-01,North,Wheat,765,113,66,344,9.8
2024-12-01,North,Paddy,911,132,81,342,9.2
2024-12-01,North,Sugarcane,849,133,79,350,9.9
2024-12-01,North,Cotton,797,110,71,330,8.8
2024-12-01,North,Mustard,872,129,68,315,10.3
2024-12-01,North,Maize,908,120,76,281,9.7
2024-12-01,East,Wheat,953,132,69,359,11.8
2024-12-01,East,Paddy,885,113,85,297,11.3
2024-12-01,East,Sugarcane,875,119,68,293,11.2
2024-12-01,East,Cotton,882,135,82,313,12.6
2024-12-01,East,Mustard,856,130,82,286,12.1
2024-12-01,East,Maize,920,109,68,305,11.9
2024-12-01,West,Wheat,1136,180,102,398,11.7
2024-12-01,West,Paddy,1194,199,99,425,11.4
2024-12-01,West,Sugarcane,1078,167,96,500,12
2024-12-01,West,Cotton,1067,161,100,424,12
2024-12-01,West,Mustard,1069,197,96,501,13
2024-12-01,West,Maize,1094,200,116,509,11.2
2024-12-01,South,Wheat,1225,157,92,407,12.3
2024-12-01,South,Paddy,1059,152,106,435,11.8
2024-12-01,South,Sugarcane,1255,177,85,460,12.3
2024-12-01,South,Cotton,1008,163,96,469,11.3
2024-12-01,South,Mustard,1029,177,107,427,12.2
2024-12-01,South,Maize,1211,148,87,435,11.1
2024-12-01,Central,Wheat,1132,160,77,449,11.9
2024-12-01,Central,Paddy,1007,159,90,391,12
2024-12-01,Central,Sugarcane,1064,151,99,347,12.6
2024-12-01,Central,Cotton,1073,173,82,387,11.8
2024-12-01,Central,Mustard,964,136,91,402,12.6
2024-12-01,Central,Maize,1181,141,91,398,12.1
2025-01-01,North,Wheat,793,116,78,295,10.2
2025-01-01,North,Paddy,881,120,64,293,11.7
2025-01-01,North,Sugarcane,862,130,62,353,11.2
2025-01-01,North,Cotton,810,138,81,351,11.2
2025-01-01,North,Mustard,831,118,76,319,10.6
2025-01-01,North,Maize,900,139,62,276,10.5
2025-01-01,East,Wheat,854,122,71,364,13.4
2025-01-01,East,Paddy,965,129,83,349,13.1
2025-01-01,East,Sugarcane,896,126,82,346,12.5
2025-01-01,East,Cotton,947,143,68,331,12.1
2025-01-01,East,Mustard,1010,138,82,318,13.3
2025-01-01,East,Maize,1042,144,77,307,13.4
2025-01-01,West,Wheat,1446,195,116,409,13
2025-01-01,West,Paddy,1310,183,97,489,13.6
2025-01-01,West,Sugarcane,1337,212,107,403,13.2
2025-01-01,West,Cotton,1288,167,89,390,11.9
2025-01-01,West,Mustard,1206,186,102,502,13.3
2025-01-01,West,Maize,1461,195,91,511,12.8
2025-01-01,South,Wheat,1320,205,91,438,13.7
2025-01-01,South,Paddy,1197,196,110,445,12.2
2025-01-01,South,Sugarcane,1181,161,106,408,11.8
2025-01-01,South,Cotton,1195,163,112,488,13
2025-01-01,South,Mustard,1286,200,97,481,12.7
2025-01-01,South,Maize,1158,186,84,402,12.4
2025-01-01,Central,Wheat,1096,149,78,417,12.8
2025-01-01,Central,Paddy,1285,191,96,345,11.9
2025-01-01,Central,Sugarcane,1231,163,85,409,13.2
2025-01-01,Central,Cotton,1041,179,102,383,13.3
2025-01-01,Central,Mustard,1180,179,79,440,12.6
2025-01-01,Central,Maize,1289,157,81,384,11.8
2025-02-01,North,Wheat,917,135,78,270,11.7
2025-02-01,North,Paddy,942,155,61,340,10.9
2025-02-01,North,Sugarcane,1018,127,65,329,11.3
2025-02-01,North,Cotton,1027,134,67,305,10.5
2025-02-01,North,Mustard,892,138,65,336,9.5
2025-02-01,North,Maize,898,162,78,323,10
2025-02-01,East,Wheat,1042,155,69,352,12.7
2025-02-01,East,Paddy,1015,166,68,368,13.8
2025-02-01,East,Sugarcane,1026,174,83,362,13.1
2025-02-01,East,Cotton,1100,136,81,351,11.9
2025-02-01,East,Mustard,1078,133,82,323,12
2025-02-01,East,Maize,931,168,82,291,13.6
2025-02-01,West,Wheat,1468,209,108,457,13.5
2025-02-01,West,Paddy,1462,218,112,464,13.9
2025-02-01,West,Sugarcane,1281,201,101,503,12.1
2025-02-01,West,Cotton,1462,229,105,485,13.7
2025-02-01,West,Mustard,1291,184,96,425,13.4
2025-02-01,West,Maize,1609,195,101,401,13.1
2025-02-01,South,Wheat,1277,185,91,442,13.7
2025-02-01,South,Paddy,1281,207,88,407,12.6
2025-02-01,South,Sugarcane,1283,189,104,475,13.2
2025-02-01,South,Cotton,1234,173,89,457,11.8
2025-02-01,South,Mustard,1455,173,96,387,11.7
2025-02-01,South,Maize,1315,220,112,417,13.3
2025-02-01,Central,Wheat,1178,193,90,383,12
2025-02-01,Central,Paddy,1418,188,78,435,11.9
2025-02-01,Central,Sugarcane,1150,201,80,448,12.5
2025-02-01,Central,Cotton,1394,194,89,445,13.7
2025-02-01,Central,Mustard,1321,190,84,396,13
2025-02-01,Central,Maize,1396,205,99,401,12.9
2025-03-01,North,Wheat,926,135,97,285,10.1
2025-03-01,North,Paddy,1003,151,98,288,11.2
2025-03-01,North,Sugarcane,925,150,87,277,10.8
2025-03-01,North,Cotton,1099,140,95,271,10.4
2025-03-01,North,Mustard,997,153,82,284,11.7
2025-03-01,North,Maize,1089,151,108,312,11.5
2025-03-01,East,Wheat,965,174,93,315,12.8
2025-03-01,East,Paddy,961,174,90,339,12
2025-03-01,East,Sugarcane,918,147,113,370,12.6
2025-03-01,East,Cotton,931,147,96,360,13
2025-03-01,East,Mustard,1016,162,101,344,12.9
2025-03-01,East,Maize,1075,166,90,302,13.2
2025-03-01,West,Wheat,1377,195,153,475,13.5
2025-03-01,West,Paddy,1270,196,151,399,13
2025-03-01,West,Sugarcane,1300,230,125,399,12.8
2025-03-01,West,Cotton,1376,237,152,408,12.9
2025-03-01,West,Mustard,1554,227,127,454,13.3
2025-03-01,West,Maize,1285,236,127,501,12.7
2025-03-01,South,Wheat,1336,194,117,382,12.1
2025-03-01,South,Paddy,1310,173,112,391,13.2
2025-03-01,South,Sugarcane,1261,183,122,442,12.8
2025-03-01,South,Cotton,1360,172,139,460,12
2025-03-01,South,Mustard,1280,218,114,424,11.9
2025-03-01,South,Maize,1339,229,151,402,11.8
2025-03-01,Central,Wheat,1402,166,129,378,12.7
2025-03-01,Central,Paddy,1145,193,123,433,13.7
2025-03-01,Central,Sugarcane,1228,201,137,385,12.8
2025-03-01,Central,Cotton,1125,204,115,446,13.8
2025-03-01,Central,Mustard,1215,167,126,414,12.2
2025-03-01,Central,Maize,1367,176,114,367,12.8
2025-04-01,North,Wheat,1085,127,103,419,9.7
2025-04-01,North,Paddy,1024,110,96,350,9.9
2025-04-01,North,Sugarcane,890,138,81,380,11.7
2025-04-01,North,Cotton,1020,115,90,384,11
2025-04-01,North,Mustard,943,136,102,393,11.7
2025-04-01,North,Maize,1084,131,104,357,10.7
2025-04-01,East,Wheat,1045,142,85,379,13.1
2025-04-01,East,Paddy,1098,109,89,453,11.9
2025-04-01,East,Sugarcane,1145,120,93,376,12.3
2025-04-01,East,Cotton,1093,118,89,417,12.4
2025-04-01,East,Mustard,1002,142,95,376,13
2025-04-01,East,Maize,1142,139,87,448,12
2025-04-01,West,Wheat,1407,192,150,520,12.9
2025-04-01,West,Paddy,1628,154,144,524,13.7
2025-04-01,West,Sugarcane,1302,153,158,621,11.8
2025-04-01,West,Cotton,1525,155,131,559,13.1
2025-04-01,West,Mustard,1439,175,117,552,11.8
2025-04-01,West,Maize,1502,157,137,499,12.7
2025-04-01,South,Wheat,1534,154,144,495,12.6
2025-04-01,South,Paddy,1545,156,118,456,12.5
2025-04-01,South,Sugarcane,1354,175,116,484,13.6
2025-04-01,South,Cotton,1398,169,143,533,12.1
2025-04-01,South,Mustard,1531,166,148,593,11.9
2025-04-01,South,Maize,1373,179,127,478,13.7
2025-04-01,Central,Wheat,1409,178,125,466,13.6
2025-04-01,Central,Paddy,1274,159,104,441,11.9
2025-04-01,Central,Sugarcane,1341,155,140,424,12.9
2025-04-01,Central,Cotton,1394,150,115,543,13.7
2025-04-01,Central,Mustard,1322,137,114,434,12.7
2025-04-01,Central,Maize,1296,135,132,437,13.9
2025-05-01,North,Wheat,894,135,94,426,11.2
2025-05-01,North,Paddy,1008,129,85,389,11.3
2025-05-01,North,Sugarcane,1021,124,96,336,10.2
2025-05-01,North,Cotton,1031,111,101,347,11.6
2025-05-01,North,Mustard,919,112,85,373,11.5
2025-05-01,North,Maize,897,127,96,421,11.5
2025-05-01,East,Wheat,1043,132,107,422,12.1
2025-05-01,East,Paddy,1104,111,98,403,13.4
2025-05-01,East,Sugarcane,1156,129,113,358,12.9
2025-05-01,East,Cotton,1027,113,110,413,12.1
2025-05-01,East,Mustard,1088,114,114,417,11.9
2025-05-01,East,Maize,1172,140,110,386,11.9
2025-05-01,West,Wheat,1613,174,131,543,13.3
2025-05-01,West,Paddy,1360,198,147,606,13.3
2025-05-01,West,Sugarcane,1415,198,156,544,13.6
2025-05-01,West,Cotton,1574,194,156,551,13.9
2025-05-01,West,Mustard,1585,152,146,576,13.8
2025-05-01,West,Maize,1579,160,147,543,13.8
2025-05-01,South,Wheat,1440,185,142,512,13.9
2025-05-01,South,Paddy,1401,152,143,504,13.3
2025-05-01,South,Sugarcane,1387,174,124,553,12.3
2025-05-01,South,Cotton,1523,159,129,455,12.9
2025-05-01,South,Mustard,1262,162,133,552,12
2025-05-01,South,Maize,1415,169,119,495,12.3
2025-05-01,Central,Wheat,1158,176,127,439,12.4
2025-05-01,Central,Paddy,1415,175,131,520,12.2
2025-05-01,Central,Sugarcane,1378,155,139,447,12.4
2025-05-01,Central,Cotton,1295,161,106,462,12.5
2025-05-01,Central,Mustard,1406,143,140,433,13.7
2025-05-01,Central,Maize,1436,150,138,548,13.7
2025-06-01,North,Wheat,1283,175,84,370,11.3
2025-06-01,North,Paddy,1588,190,91,346,11.5
2025-06-01,North,Sugarcane,1507,192,87,428,10
2025-06-01,North,Cotton,1358,167,88,395,10.4
2025-06-01,North,Mustard,1314,180,98,368,10.8
2025-06-01,North,Maize,1305,186,88,391,11.7
2025-06-01,East,Wheat,1444,207,92,431,12.1
2025-06-01,East,Paddy,1647,197,111,453,13
2025-06-01,East,Sugarcane,1409,195,113,424,12.8
2025-06-01,East,Cotton,1403,156,99,390,12
2025-06-01,East,Mustard,1377,163,94,451,13.3
2025-06-01,East,Maize,1539,204,97,399,12.7
2025-06-01,West,Wheat,2135,229,140,492,12.6
2025-06-01,West,Paddy,2184,266,158,536,12
2025-06-01,West,Sugarcane,2157,248,118,607,13.4
2025-06-01,West,Cotton,1878,214,137,615,12
2025-06-01,West,Mustard,1946,274,117,576,12.8
2025-06-01,West,Maize,2150,220,146,534,13.3
2025-06-01,South,Wheat,1770,272,151,468,12.5
2025-06-01,South,Paddy,2132,218,127,524,12.3
2025-06-01,South,Sugarcane,2074,250,115,497,13.9
2025-06-01,South,Cotton,2100,222,151,580,12
2025-06-01,South,Mustard,1905,231,140,501,12.2
2025-06-01,South,Maize,1907,242,137,578,13.6
2025-06-01,Central,Wheat,1994,234,141,520,13.8
2025-06-01,Central,Paddy,1764,206,114,436,12.3
2025-06-01,Central,Sugarcane,1706,212,136,548,13.7
2025-06-01,Central,Cotton,1875,246,131,552,13.3
2025-06-01,Central,Mustard,2055,231,121,437,12.9
2025-06-01,Central,Maize,1628,238,123,496,12.9
2025-07-01,North,Wheat,1445,169,99,428,10.4
2025-07-01,North,Paddy,1334,169,103,402,10.9
2025-07-01,North,Sugarcane,1493,159,101,426,10.4
2025-07-01,North,Cotton,1335,147,83,334,9.8
2025-07-01,North,Mustard,1293,166,106,399,10.4
2025-07-01,North,Maize,1605,173,103,408,10.9
2025-07-01,East,Wheat,1642,185,114,357,12.8
2025-07-01,East,Paddy,1680,207,95,358,12.4
2025-07-01,East,Sugarcane,1661,188,94,399,13.6
2025-07-01,East,Cotton,1557,205,92,409,13.7
2025-07-01,East,Mustard,1415,157,95,380,13.5
2025-07-01,East,Maize,1328,207,97,374,13.3
2025-07-01,West,Wheat,2043,218,156,574,12.2
2025-07-01,West,Paddy,2231,261,119,480,13
2025-07-01,West,Sugarcane,2016,223,156,591,12.7
2025-07-01,West,Cotton,2191,264,121,521,12.8
2025-07-01,West,Mustard,1954,232,145,561,13.9
2025-07-01,West,Maize,2119,269,141,620,13
2025-07-01,South,Wheat,1953,236,112,486,12.7
2025-07-01,South,Paddy,1886,262,140,569,12.8
2025-07-01,South,Sugarcane,1922,271,122,516,13
2025-07-01,South,Cotton,1947,231,150,487,11.8
2025-07-01,South,Mustard,2013,207,148,566,13.8
2025-07-01,South,Maize,2052,271,138,508,12.7
2025-07-01,Central,Wheat,1995,219,126,548,13.7
2025-07-01,Central,Paddy,1868,212,128,506,12.3
2025-07-01,Central,Sugarcane,1642,213,120,547,12.9
2025-07-01,Central,Cotton,1887,230,128,484,12.9
2025-07-01,Central,Mustard,1890,198,140,506,13.4
2025-07-01,Central,Maize,1748,201,105,516,12.9
2025-08-01,North,Wheat,1067,158,81,407,10.1
2025-08-01,North,Paddy,1240,143,97,402,10.7
2025-08-01,North,Sugarcane,1282,135,81,406,10.1
2025-08-01,North,Cotton,1235,153,86,390,10.3
2025-08-01,North,Mustard,1349,141,82,339,11.6
2025-08-01,North,Maize,1255,138,108,428,10.8
2025-08-01,East,Wheat,1211,166,108,453,13.2
2025-08-01,East,Paddy,1414,175,88,366,13.2
2025-08-01,East,Sugarcane,1383,149,104,409,13.3
2025-08-01,East,Cotton,1280,147,97,435,13.6
2025-08-01,East,Mustard,1369,135,87,413,13.6
2025-08-01,East,Maize,1326,141,87,404,11.8
2025-08-01,West,Wheat,1667,230,131,538,12.6
2025-08-01,West,Paddy,1762,233,129,496,13.3
2025-08-01,West,Sugarcane,1847,202,129,525,11.9
2025-08-01,West,Cotton,1778,221,139,621,12.7
2025-08-01,West,Mustard,1919,204,137,517,13.9
2025-08-01,West,Maize,1911,204,142,565,13.1
2025-08-01,South,Wheat,1712,185,138,485,11.8
2025-08-01,South,Paddy,1472,195,112,511,13.5
2025-08-01,South,Sugarcane,1525,222,140,474,13.3
2025-08-01,South,Cotton,1480,184,139,564,12.6
2025-08-01,South,Mustard,1797,191,129,562,13.1
2025-08-01,South,Maize,1489,217,115,464,13.1
2025-08-01,Central,Wheat,1425,190,103,478,13.8
2025-08-01,Central,Paddy,1443,169,127,540,12.3
2025-08-01,Central,Sugarcane,1726,176,115,484,13.5
2025-08-01,Central,Cotton,1569,165,136,483,13.4
2025-08-01,Central,Mustard,1523,204,109,431,13.3
2025-08-01,Central,Maize,1373,165,115,489,13.2
2025-09-01,North,Wheat,1197,146,86,410,11
2025-09-01,North,Paddy,1306,147,83,339,11.4
2025-09-01,North,Sugarcane,1308,129,83,356,11.7
2025-09-01,North,Cotton,1337,165,83,380,11.4
2025-09-01,North,Mustard,1253,159,95,346,11.7
2025-09-01,North,Maize,1154,158,94,386,11.2
2025-09-01,East,Wheat,1197,149,89,354,12.1
2025-09-01,East,Paddy,1404,164,111,374,11.7
2025-09-01,East,Sugarcane,1352,169,108,417,11.9
2025-09-01,East,Cotton,1131,149,113,451,12.5
2025-09-01,East,Mustard,1200,160,111,362,12.4
2025-09-01,East,Maize,1389,162,89,375,12.6
2025-09-01,West,Wheat,1750,234,159,534,13.5
2025-09-01,West,Paddy,1593,224,124,591,12.1
2025-09-01,West,Sugarcane,1715,182,145,502,13.9
2025-09-01,West,Cotton,1577,189,147,591,12.8
2025-09-01,West,Mustard,1895,234,157,558,12.8
2025-09-01,West,Maize,1712,215,124,534,12.2
2025-09-01,South,Wheat,1709,194,121,569,13.1
2025-09-01,South,Paddy,1547,186,131,564,12.6
2025-09-01,South,Sugarcane,1712,217,140,471,13.7
2025-09-01,South,Cotton,1472,202,141,488,12
2025-09-01,South,Mustard,1563,185,136,489,12.2
2025-09-01,South,Maize,1658,195,127,529,12.2
2025-09-01,Central,Wheat,1619,197,134,424,13.9
2025-09-01,Central,Paddy,1566,161,131,451,13.9
2025-09-01,Central,Sugarcane,1504,165,117,536,12.4
2025-09-01,Central,Cotton,1402,167,140,552,11.9
2025-09-01,Central,Mustard,1435,206,137,542,12.6
2025-09-01,Central,Maize,1377,164,139,495,12.2
2025-10-01,North,Wheat,1542,151,103,347,11.2
2025-10-01,North,Paddy,1310,182,105,335,10.4
2025-10-01,North,Sugarcane,1511,170,105,371,11
2025-10-01,North,Cotton,1600,193,102,393,10.1
2025-10-01,North,Mustard,1555,182,100,361,11.4
2025-10-01,North,Maize,1566,169,107,393,10.1
2025-10-01,East,Wheat,1496,169,102,413,12.8
2025-10-01,East,Paddy,1657,203,105,361,12.2
2025-10-01,East,Sugarcane,1516,198,107,432,13.1
2025-10-01,East,Cotton,1368,167,111,406,13.1
2025-10-01,East,Mustard,1398,185,90,383,12
2025-10-01,East,Maize,1557,160,108,452,12.6
2025-10-01,West,Wheat,1923,228,153,505,12.5
2025-10-01,West,Paddy,2191,223,140,545,13.2
2025-10-01,West,Sugarcane,1834,281,122,496,12.3
2025-10-01,West,Cotton,2274,248,144,517,12.9
2025-10-01,West,Mustard,2233,238,128,485,13.5
2025-10-01,West,Maize,2310,278,147,566,13.1
2025-10-01,South,Wheat,1945,223,125,494,13.4
2025-10-01,South,Paddy,2183,215,114,554,12.4
2025-10-01,South,Sugarcane,1914,230,144,456,13.1
2025-10-01,South,Cotton,2160,241,137,487,11.8
2025-10-01,South,Mustard,1877,224,138,486,13.5
2025-10-01,South,Maize,1976,219,134,465,12.2
2025-10-01,Central,Wheat,1749,248,109,433,13.5
2025-10-01,Central,Paddy,1896,231,125,487,12.3
2025-10-01,Central,Sugarcane,1921,248,109,436,13.3
2025-10-01,Central,Cotton,1742,228,136,520,13.8
2025-10-01,Central,Mustard,1613,190,105,513,13
2025-10-01,Central,Maize,1878,213,105,502,12.3
2025-11-01,North,Wheat,1486,179,82,374,11.2
2025-11-01,North,Paddy,1459,176,81,350,10.9
2025-11-01,North,Sugarcane,1361,190,86,391,10
2025-11-01,North,Cotton,1397,197,90,400,10.5
2025-11-01,North,Mustard,1333,184,83,423,11.2
2025-11-01,North,Maize,1458,169,99,339,10.7
2025-11-01,East,Wheat,1664,181,97,355,13.3
2025-11-01,East,Paddy,1488,197,97,425,13.7
2025-11-01,East,Sugarcane,1513,198,113,358,13.8
2025-11-01,East,Cotton,1378,184,111,398,12.7
2025-11-01,East,Mustard,1490,169,94,450,11.8
2025-11-01,East,Maize,1587,200,84,412,12.7
2025-11-01,West,Wheat,2196,227,150,568,13.8
2025-11-01,West,Paddy,2132,218,140,617,12.3
2025-11-01,West,Sugarcane,2168,233,157,486,12.2
2025-11-01,West,Cotton,2034,223,151,603,12.3
2025-11-01,West,Mustard,1842,268,133,530,12.9
2025-11-01,West,Maize,2132,248,118,496,12.5
2025-11-01,South,Wheat,2187,273,133,565,12.8
2025-11-01,South,Paddy,1868,257,149,570,13.3
2025-11-01,South,Sugarcane,2203,267,151,574,12.2
2025-11-01,South,Cotton,2055,234,148,542,12.5
2025-11-01,South,Mustard,2006,243,121,471,13.8
2025-11-01,South,Maize,1842,231,137,507,12.1
2025-11-01,Central,Wheat,1950,205,126,436,12.6
2025-11-01,Central,Paddy,1881,191,109,429,12.8
2025-11-01,Central,Sugarcane,1907,216,128,425,12.5
2025-11-01,Central,Cotton,2041,213,104,467,13
2025-11-01,Central,Mustard,1976,198,132,522,12.9
2025-11-01,Central,Maize,1696,227,127,487,11.8
2025-12-01,North,Wheat,1085,139,84,386,10.4
2025-12-01,North,Paddy,1028,131,94,349,10
2025-12-01,North,Sugarcane,884,125,88,366,11.6
2025-12-01,North,Cotton,991,131,98,411,9.6
2025-12-01,North,Mustard,923,119,101,425,10.2
2025-12-01,North,Maize,909,110,90,395,11.5
2025-12-01,East,Wheat,1080,140,88,352,12
2025-12-01,East,Paddy,1046,127,85,421,13.3
2025-12-01,East,Sugarcane,1032,124,99,378,12.1
2025-12-01,East,Cotton,1132,140,111,394,12.5
2025-12-01,East,Mustard,975,133,100,380,13.7
2025-12-01,East,Maize,952,138,113,376,13.4
2025-12-01,West,Wheat,1439,179,133,483,13.6
2025-12-01,West,Paddy,1483,189,130,541,13.9
2025-12-01,West,Sugarcane,1550,161,149,610,12.3
2025-12-01,West,Cotton,1416,150,125,534,11.9
2025-12-01,West,Mustard,1538,177,139,503,12.7
2025-12-01,West,Maize,1619,174,136,526,13.2
2025-12-01,South,Wheat,1483,161,122,555,13.5
2025-12-01,South,Paddy,1469,176,124,528,13.7
2025-12-01,South,Sugarcane,1352,187,117,493,11.9
2025-12-01,South,Cotton,1230,191,127,485,13.1
2025-12-01,South,Mustard,1476,188,118,592,12.3
2025-12-01,South,Maize,1299,172,149,483,12.6
2025-12-01,Central,Wheat,1435,177,116,531,12.4
2025-12-01,Central,Paddy,1351,166,137,489,13.5
2025-12-01,Central,Sugarcane,1190,136,134,426,13.1
2025-12-01,Central,Cotton,1379,177,110,548,13.2
2025-12-01,Central,Mustard,1220,149,107,443,12.9
2025-12-01,Central,Maize,1208,177,125,542,13.4
2026-01-01,North,Wheat,1064,143,88,391,11
2026-01-01,North,Paddy,1137,144,90,349,11
2026-01-01,North,Sugarcane,1106,118,105,339,11.1
2026-01-01,North,Cotton,1137,135,84,395,11.7
2026-01-01,North,Mustard,1098,125,98,344,11.2
2026-01-01,North,Maize,1145,147,95,406,10.3
2026-01-01,East,Wheat,1261,154,112,347,13
2026-01-01,East,Paddy,1148,121,85,441,13.5
2026-01-01,East,Sugarcane,1094,122,86,349,13.7
2026-01-01,East,Cotton,1143,142,109,438,12.2
2026-01-01,East,Mustard,1019,125,105,362,12.8
2026-01-01,East,Maize,1056,125,93,380,13.1
2026-01-01,West,Wheat,1747,216,134,556,12.1
2026-01-01,West,Paddy,1405,165,143,597,13.9
2026-01-01,West,Sugarcane,1623,201,123,519,13
2026-01-01,West,Cotton,1754,172,155,507,12.8
2026-01-01,West,Mustard,1395,189,150,556,12.5
2026-01-01,West,Maize,1729,183,154,579,13.6
2026-01-01,South,Wheat,1430,156,115,589,13.6
2026-01-01,South,Paddy,1682,172,120,495,12.2
2026-01-01,South,Sugarcane,1695,170,152,587,11.9
2026-01-01,South,Cotton,1481,206,144,547,12.6
2026-01-01,South,Mustard,1336,188,114,571,12.3
2026-01-01,South,Maize,1385,173,144,512,12.2
2026-01-01,Central,Wheat,1547,157,114,523,12.5
2026-01-01,Central,Paddy,1317,146,108,533,12.9
2026-01-01,Central,Sugarcane,1520,173,119,468,11.9
2026-01-01,Central,Cotton,1546,162,123,548,12.5
2026-01-01,Central,Mustard,1515,157,131,536,13.4
2026-01-01,Central,Maize,1480,169,107,428,12
2026-02-01,North,Wheat,1316,145,93,366,10
2026-02-01,North,Paddy,1260,166,81,352,9.8
2026-02-01,North,Sugarcane,1072,145,104,347,11.5
2026-02-01,North,Cotton,1239,158,91,366,11.4
2026-02-01,North,Mustard,1310,163,92,329,11
2026-02-01,North,Maize,1351,135,84,356,11.1
2026-02-01,East,Wheat,1425,165,113,387,13.8
2026-02-01,East,Paddy,1156,175,87,411,13.2
2026-02-01,East,Sugarcane,1164,163,104,452,11.9
2026-02-01,East,Cotton,1315,173,85,350,12.7
2026-02-01,East,Mustard,1313,153,114,389,12.7
2026-02-01,East,Maize,1268,153,99,387,12.9
2026-02-01,West,Wheat,1556,206,130,535,13.2
2026-02-01,West,Paddy,1964,191,136,605,11.8
2026-02-01,West,Sugarcane,1645,239,159,580,13.9
2026-02-01,West,Cotton,1770,195,146,615,12.7
2026-02-01,West,Mustard,1832,221,146,580,13.4
2026-02-01,West,Maize,1722,201,148,528,13.5
2026-02-01,South,Wheat,1692,229,151,562,12
2026-02-01,South,Paddy,1671,186,143,460,12.3
2026-02-01,South,Sugarcane,1556,181,119,563,12.5
2026-02-01,South,Cotton,1741,174,118,528,12.2
2026-02-01,South,Mustard,1494,201,132,590,12.1
2026-02-01,South,Maize,1719,179,120,576,12
2026-02-01,Central,Wheat,1688,174,129,540,13.8
2026-02-01,Central,Paddy,1525,170,113,503,13.1
2026-02-01,Central,Sugarcane,1523,190,127,524,12
2026-02-01,Central,Cotton,1488,180,109,456,12.5
2026-02-01,Central,Mustard,1694,172,117,482,12.4
2026-02-01,Central,Maize,1589,203,120,545,13.1
2026-03-01,North,Wheat,1355,135,83,338,10.3
2026-03-01,North,Paddy,1169,144,89,356,11
2026-03-01,North,Sugarcane,1304,156,90,355,11.6
2026-03-01,North,Cotton,1314,164,85,385,10.8
2026-03-01,North,Mustard,1291,133,80,423,11.1
2026-03-01,North,Maize,1208,156,90,367,10.6
2026-03-01,East,Wheat,1230,141,89,449,12.9
2026-03-01,East,Paddy,1247,163,113,441,12.5
2026-03-01,East,Sugarcane,1391,154,109,433,13.6
2026-03-01,East,Cotton,1232,140,114,450,11.8
2026-03-01,East,Mustard,1386,143,91,369,12.4
2026-03-01,East,Maize,1297,165,99,402,12.2
2026-03-01,West,Wheat,1856,237,150,494,11.8
2026-03-01,West,Paddy,1713,191,126,539,13.1
2026-03-01,West,Sugarcane,1594,225,132,516,12.5
2026-03-01,West,Cotton,1908,190,155,557,12.4
2026-03-01,West,Mustard,1893,235,150,533,13.6
2026-03-01,West,Maize,1743,228,145,487,11.8
2026-03-01,South,Wheat,1570,217,147,457,13.4
2026-03-01,South,Paddy,1521,214,111,517,12.6
2026-03-01,South,Sugarcane,1787,175,149,550,13.8
2026-03-01,South,Cotton,1564,199,124,521,13.6
2026-03-01,South,Mustard,1644,218,131,467,12.1
2026-03-01,South,Maize,1484,201,134,494,13.4
2026-03-01,Central,Wheat,1728,193,122,530,13.4
2026-03-01,Central,Paddy,1387,162,128,488,12.6
2026-03-01,Central,Sugarcane,1427,200,127,459,13
2026-03-01,Central,Cotton,1585,189,120,531,11.8
2026-03-01,Central,Mustard,1392,176,121,538,12.1
2026-03-01,Central,Maize,1418,183,110,488,13
2026-04-01,North,Wheat,948,126,99,368,11.2
2026-04-01,North,Paddy,1048,123,91,394,11.4
2026-04-01,North,Sugarcane,913,123,102,421,10.4
2026-04-01,North,Cotton,1120,113,82,335,11.1
2026-04-01,North,Mustard,946,109,93,353,10.6
2026-04-01,North,Maize,1072,123,107,362,11.1
2026-04-01,East,Wheat,1163,114,113,356,11.8
2026-04-01,East,Paddy,1005,131,114,388,12.1
2026-04-01,East,Sugarcane,1109,121,102,414,13.6
2026-04-01,East,Cotton,1047,114,89,422,13.4
2026-04-01,East,Mustard,973,133,97,377,13.8
2026-04-01,East,Maize,1129,128,90,400,12.6
2026-04-01,West,Wheat,1322,170,126,533,12
2026-04-01,West,Paddy,1352,151,117,530,13.2
2026-04-01,West,Sugarcane,1484,196,142,556,12.2
2026-04-01,West,Cotton,1327,192,153,539,13
2026-04-01,West,Mustard,1433,176,130,557,13.9
2026-04-01,West,Maize,1448,160,157,592,13.1
2026-04-01,South,Wheat,1340,145,132,574,13
2026-04-01,South,Paddy,1547,168,114,492,11.9
2026-04-01,South,Sugarcane,1385,161,128,570,13.8
2026-04-01,South,Cotton,1371,179,142,495,12.7
2026-04-01,South,Mustard,1367,158,136,494,13.6
2026-04-01,South,Maize,1410,171,113,570,13.7
2026-04-01,Central,Wheat,1360,138,127,472,13.2
2026-04-01,Central,Paddy,1324,166,141,462,11.7
2026-04-01,Central,Sugarcane,1207,166,112,521,12.4
2026-04-01,Central,Cotton,1219,154,128,433,12.9
2026-04-01,Central,Mustard,1259,154,136,426,12.1
2026-04-01,Central,Maize,1197,175,122,515,13.5
